{"spot_diameter_fullres": 85.45519, "tissue_hires_scalef": 0.17482518, "fiducial_diameter_fullres": 138.04300000000003, "tissue_lowres_scalef": 0.052447554}